id,montant,date_encaissement,nom_beneficiaire,numero_compte
1,5000.0,2021-08-15,Ahmed El Hadi,1245789654123658
2,3200.5,2021-09-02,Yasmine Benjelloun,3658945786231547
3,7500.75,2021-08-28,Karim El Fassi,9856321478425632
4,4200.25,2021-09-10,Nora Bouchaib,7458962314789563
5,6100.6,2021-08-20,Hicham Nour,6321478956321478
6,4800.8,2021-09-05,Sara Mounir,1478963258745621
7,8900.3,2021-08-14,Fouad Rami,7458963254789632
8,5300.45,2021-09-03,Lina Karimi,3654789652314785
9,2900.7,2021-09-08,Rachid El Mansour,1478523698745632
10,6800.0,2021-08-30,Amina Zouaoui,9852143654789652
11,3700.2,2021-09-11,Hamza Bahiri,6321478952369856
12,4300.1,2021-08-18,Salma Tazi,9874526314789635
13,5500.8,2021-09-01,Karima Benali,3652147852369514
14,4800.3,2021-08-25,Mehdi Naji,1478965231478956
15,8200.5,2021-09-06,Houda Mernissi,9658741236985472
16,3500.4,2021-08-16,Mehdi Othmani,8745123654789632
17,6300.6,2021-09-04,Sara El Khattabi,3654789652369874
18,4100.7,2021-08-22,Ali Berrada,9874523654789632
19,4900.8,2021-08-19,Leila Oulad,1236985476321478
20,7100.2,2021-09-07,Yassin Rahmouni,6321478956321478
21,5400.3,2021-08-17,Rania Benjelloun,9654782143698752
22,6700.8,2021-08-26,Mounir El Amrani,1478523698523697
23,3800.9,2021-09-09,Hiba Benjelloun,3652147852369852
24,4800.6,2021-08-27,Omar El Mansour,6321478952369856
25,7400.7,2021-08-24,Yasmine Zerouali,1478963254789652
26,6600.5,2021-09-12,Sofia Raja,9654785252378956
27,5900.4,2021-08-21,Khaled Amar,3654789563251478
28,8300.3,2021-09-13,Leila Tazi,1478523963254789
29,3100.2,2021-08-29,Yassir Bensaid,9852369852369852
30,4700.1,2021-08-23,Rim Salah,3654789651235698
31,6900.0,2021-09-14,Karima El Fassi,1478523654789632
32,3600.5,2021-08-31,Mohamed Bouchaib,9654782143251478
33,5400.6,2021-09-15,Latifa Benali,3654578963251478
34,4200.7,2021-09-16,Younes El Kaoutari,9632147852369852
35,5500.8,2021-09-17,Naima Boussad,3652369854782635
36,5100.4,2021-09-18,Ali Saoudi,9654785632147852
37,6800.7,2021-09-19,Fadma Slimani,3698523654789652
38,4700.6,2021-09-20,Abdelkader Oulad,4789652369853265
39,5900.3,2021-09-21,Samira Haddad,3654789653269852
40,4900.2,2021-09-22,Mehdi El Manjra,6321478956321478
41,8300.5,2021-09-23,Lina Rajaoui,9654789652369852
42,4200.8,2021-09-24,Sofiane Bensaid,3654789652369874
43,7400.9,2021-09-25,Noor Oubouker,3698523654789652
44,6900.6,2021-09-26,Hassan Morsi,4789652369521478
45,5200.7,2021-09-27,Leila Hafidi,6321478756321478
46,6600.8,2021-09-28,Karim Jazouli,3654789632147852
47,5800.9,2021-09-29,Yassine Dars,1478523698741236
48,4900.8,2021-09-30,Zineb Laaroussi,6321478952369852
49,7200.7,2021-10-01,Hamza Khadri,3654789652369854
50,6100.6,2021-10-02,Sara Fassi,9654783214789652
